{
    "push_notification_settings": [],
    "api_applications_used": [],
    "email_ads_surveys": [],
    "user_stratum": "power",
    "crushers": [
        {"desibhabiandgals": [
            {"blog_name": "jrock1267"},
            {"blog_name": "senbonzakura12"},
            {"blog_name": "grosexe"},
            {"blog_name": "tumexplorer"},
            {"blog_name": "faatra"},
            {"blog_name": "gundoc33"},
            {"blog_name": "zonker1066"},
            {"blog_name": "nagnasutra"},
            {"blog_name": "charlotesumtimes-blog"},
            {"blog_name": "vvpatil88"},
            {"blog_name": "bojjia"},
            {"blog_name": "thebipolarphotographer"},
            {"blog_name": "bdrise"},
            {"blog_name": "memehehe-blog-deactivated201808"},
            {"blog_name": "differentculturenatureperson"},
            {"blog_name": "turukhmakto"},
            {"blog_name": "erodedfallacy"},
            {"blog_name": "otakukala"},
            {"blog_name": "germbiotic"},
            {"blog_name": "stealthcubz"},
            {"blog_name": "gazalpha"},
            {"blog_name": "suikoden89"},
            {"blog_name": "vcvwatching"},
            {"blog_name": "abhi0903"},
            {"blog_name": "slametrustoyo"},
            {"blog_name": "jks5408"},
            {"blog_name": "rkhale"},
            {"blog_name": "gozaina"},
            {"blog_name": "sniperbeast1430"},
            {"blog_name": "monroe021358"},
            {"blog_name": "yashrai"},
            {"blog_name": "redrover06"},
            {"blog_name": "786mastermind"},
            {"blog_name": "friendswife"},
            {"blog_name": "re4per156"},
            {"blog_name": "mad797"},
            {"blog_name": "vrp04"},
            {"blog_name": "archangl"}
        ]},
        {"nathanhayles": []},
        {"nicknoodles": []},
        {"thereefstop": []}
    ],
    "most_important_tags": [],
    "client_side_ad_analytics": [],
    "api_applications_created": [],
    "user_language": "en_US",
    "app_feedback": [],
    "most_used_tags": [
        {
            "tag_count": "8",
            "tag": "desi girls",
            "blog_name": "desibhabiandgals"
        },
        {
            "tag_count": "8",
            "tag": "indian",
            "blog_name": "desibhabiandgals"
        },
        {
            "tag_count": "6",
            "tag": "hot babes",
            "blog_name": "desibhabiandgals"
        },
        {
            "tag_count": "5",
            "tag": "adorable",
            "blog_name": "desibhabiandgals"
        },
        {
            "tag_count": "5",
            "tag": "desi bhabhi",
            "blog_name": "desibhabiandgals"
        },
        {
            "tag_count": "4",
            "tag": "big boobs",
            "blog_name": "desibhabiandgals"
        },
        {
            "tag_count": "4",
            "tag": "hot",
            "blog_name": "desibhabiandgals"
        },
        {
            "tag_count": "4",
            "tag": "pussy",
            "blog_name": "desibhabiandgals"
        },
        {
            "tag_count": "4",
            "tag": "selfshot",
            "blog_name": "desibhabiandgals"
        },
        {
            "tag_count": "3",
            "tag": "amazing",
            "blog_name": "desibhabiandgals"
        },
        {
            "tag_count": "3",
            "tag": "angel",
            "blog_name": "desibhabiandgals"
        },
        {
            "tag_count": "3",
            "tag": "black hair",
            "blog_name": "desibhabiandgals"
        },
        {
            "tag_count": "3",
            "tag": "boobs",
            "blog_name": "desibhabiandgals"
        },
        {
            "tag_count": "3",
            "tag": "bra",
            "blog_name": "desibhabiandgals"
        },
        {
            "tag_count": "3",
            "tag": "cute girls",
            "blog_name": "desibhabiandgals"
        },
        {
            "tag_count": "3",
            "tag": "hottie",
            "blog_name": "desibhabiandgals"
        },
        {
            "tag_count": "2",
            "tag": "adult",
            "blog_name": "desibhabiandgals"
        },
        {
            "tag_count": "2",
            "tag": "asian girls",
            "blog_name": "desibhabiandgals"
        },
        {
            "tag_count": "2",
            "tag": "ass",
            "blog_name": "desibhabiandgals"
        },
        {
            "tag_count": "2",
            "tag": "beautiful",
            "blog_name": "desibhabiandgals"
        },
        {
            "tag_count": "2",
            "tag": "bhabhi",
            "blog_name": "desibhabiandgals"
        },
        {
            "tag_count": "2",
            "tag": "bigtitts",
            "blog_name": "desibhabiandgals"
        },
        {
            "tag_count": "2",
            "tag": "camera",
            "blog_name": "desibhabiandgals"
        },
        {
            "tag_count": "2",
            "tag": "cute",
            "blog_name": "desibhabiandgals"
        },
        {
            "tag_count": "2",
            "tag": "desi",
            "blog_name": "desibhabiandgals"
        },
        {
            "tag_count": "2",
            "tag": "desi Â bhabi desigal",
            "blog_name": "desibhabiandgals"
        },
        {
            "tag_count": "2",
            "tag": "desiteen sexy boos hot indian",
            "blog_name": "desibhabiandgals"
        },
        {
            "tag_count": "2",
            "tag": "exotic",
            "blog_name": "desibhabiandgals"
        },
        {
            "tag_count": "2",
            "tag": "fuck",
            "blog_name": "desibhabiandgals"
        },
        {
            "tag_count": "2",
            "tag": "indian girl",
            "blog_name": "desibhabiandgals"
        },
        {
            "tag_count": "2",
            "tag": "not on",
            "blog_name": "desibhabiandgals"
        },
        {
            "tag_count": "2",
            "tag": "selfie",
            "blog_name": "desibhabiandgals"
        },
        {
            "tag_count": "2",
            "tag": "sexy",
            "blog_name": "desibhabiandgals"
        }
    ],
    "gemini_analytics": [],
    "registration_time": "2015-05-22 17:54:16",
    "email": "indianwomenontumblr@gmail.com",
    "crushes": [
        {"blog_name": ""},
        {"blog_name": "nooneelseknows301-deactivated20"},
        {"blog_name": "mimeenu-deactivated20160620"},
        {"blog_name": "lamamimala"},
        {"blog_name": "softgrl80"},
        {"blog_name": "myprincesssalma"},
        {"blog_name": "faisalkhansstuff"},
        {"blog_name": "pervyoldpaki"},
        {"blog_name": "hotpetitemilf-deactivated201809"}
    ],
    "dashboard": [],
    "bcookie_mapping": [],
    "last_active_times": [],
    "highlighted_posts": [
        {
            "post_urls": [],
            "blog_name": "nathanhayles"
        },
        {
            "post_urls": [],
            "blog_name": "nicknoodles"
        },
        {
            "post_urls": [
                "https://thereefstop.tumblr.com/post/178693716523/cromer-shoal-norfolks-great-barrier-reef",
                "https://thereefstop.tumblr.com/post/178693672108/record-breaking-heatwave-sees-ice-cream-industry",
                "https://thereefstop.tumblr.com/post/178641227168/pier-to-close-for-mystery-bbc-christmas-themed"
            ],
            "blog_name": "thereefstop"
        },
        {
            "post_urls": ["http://desibhabiandgals.tumblr.com/post/180771058551/how-to-still-see-my-images"],
            "blog_name": "desibhabiandgals"
        }
    ],
    "push_notification_opens": [],
    "user_age": "29",
    "ads_analytics": [],
    "last_post_time": "2018-12-03T18:53:41-0500",
    "geo_profiles": [],
    "mobile_device_oses": [],
    "blog_backups": [],
    "labs_experiments": [],
    "explore_takeover_analytics": [],
    "ugcLinks": [{"link": "https://tumblr.zendesk.com/hc/en-us/articles/360005118894-Export-your-blog"}],
    "blog_names": [
        {
            "current_blog_name": "nathanhayles",
            "prev_used_blog_name": ["nathanhayles1"]
        },
        {
            "current_blog_name": "nicknoodles",
            "prev_used_blog_name": []
        },
        {
            "current_blog_name": "thereefstop",
            "prev_used_blog_name": []
        },
        {
            "current_blog_name": "desibhabiandgals",
            "prev_used_blog_name": ["desiauntiesandgals"]
        }
    ],
    "user_interest_profiles": [],
    "unfollows": [],
    "granular_settings_toggle": []
}