{
    "$schema": "http://json-schema.org/draft-06/schema#",
    "schemaType": "subjectAccessRequest",
    "description": "Tumblr subjectAccessRequest schema",
    "additionalProperties": false,
    "title": "Logged in schema",
    "properties": {
        "push_notification_settings": {
            "description": "Your device level settings change events",
            "title": "Push Notification Settings",
            "type": "array",
            "items": {
                "type": "object",
                "properties": {
                    "app_version": {
                        "description": "The version of the Tumblr app that changed the setting",
                        "title": "App version",
                        "type": "string"
                    },
                    "value": {
                        "description": "The value the setting was changed to",
                        "title": "Setting value",
                        "type": "string"
                    },
                    "device": {
                        "description": "The device platform that changed the setting (iOS/Android)",
                        "title": "Device",
                        "type": "string"
                    },
                    "timestamp": {
                        "description": "The date and time when the setting was changed",
                        "title": "Date and time",
                        "type": "string"
                    },
                    "setting": {
                        "description": "The name of the setting that was changed",
                        "title": "Setting name",
                        "type": "string"
                    }
                }
            }
        },
        "api_applications_used": {
            "description": "The third-party applications you've logged into",
            "title": "API apps used",
            "type": "array",
            "items": {
                "type": "object",
                "properties": {
                    "app_name": {
                        "description": "Name of application used during session",
                        "type": "string",
                        "title": "Origin of session"
                    },
                    "session_expiration_time": {
                        "description": "Date and time of when the session expired",
                        "type": "string",
                        "title": "Session expiration time"
                    },
                    "session_created_time": {
                        "description": "Date and time of your login",
                        "type": "string",
                        "title": "Session creation time"
                    }
                }
            }
        },
        "email_ads_surveys": {
            "description": "Email surveys that were sent to you after viewing an ad",
            "title": "Ad surveys",
            "type": "array",
            "items": {
                "type": "object",
                "properties": {
                    "survey_url": {
                        "description": "The URL of the survey contained in the email sent to you",
                        "title": "Survey URL",
                        "type": "string"
                    },
                    "post_id": {
                        "description": "The ID of the post used as an Ad",
                        "title": "Post ID",
                        "type": "string"
                    },
                    "email": {
                        "description": "The email address we sent surveys to",
                        "title": "Your email",
                        "type": "string"
                    },
                    "group": {
                        "description": "The user group you are bucketed into based on your interactions with an ad",
                        "title": "Ad group",
                        "type": "string"
                    }
                }
            }
        },
        "explore_takeover_misc_analytics": {
            "description": "Events fired for interactions with Sponsored Day and Answer Time banners",
            "title": "Explore takeover banner events",
            "items": {
                "type": "object",
                "properties": {
                    "serve_time": {
                        "description": "Date and time indicating the time the ad was served",
                        "title": "Serve time",
                        "type": "string"
                    },
                    "ad_type": {
                        "description": "The type of Ad served",
                        "title": "Ad type",
                        "type": "string"
                    },
                    "client_side_placement_id": {
                        "description": "The unique ID of the pool of ads from which this ad was requested",
                        "title": "Ad section ID",
                        "type": "string"
                    },
                    "viewed": {
                        "description": "If you viewed the ad",
                        "title": "Viewed",
                        "type": "string"
                    },
                    "interacted": {
                        "description": "If you interacted with the ad",
                        "title": "Interacted",
                        "type": "string"
                    },
                    "placement_id": {
                        "description": "Another unique ID of the specific instance of the ad you interacted with",
                        "title": "Alternative Serve ID",
                        "type": "string"
                    }
                }
            }
        },
        "user_stratum": {
            "description": "How we categorize you based on information you provide us, such as your engagement history and registration time",
            "title": "User type",
            "type": "string"
        },
        "crushers": {
            "description": "Blogs that engaged with your blog's contents the most",
            "title": "Blogs that interacted with you the most",
            "type": "array",
            "items": {
                "type": "object",
                "properties": {"blog_name": {
                    "description": "The name of a blog that interacted with your blog's contents the most",
                    "type": "string",
                    "title": "Blog name"
                }}
            }
        },
        "most_important_tags": {
            "description": "The most unique tags used on your blogs and surfaced by searches",
            "title": "The most unique tags used on your blogs",
            "type": "array",
            "items": {
                "type": "object",
                "properties": {
                    "tag": {
                        "description": "Tag used by you",
                        "type": "string",
                        "title": "Tag"
                    },
                    "blog_name": {
                        "description": "The name of your blog",
                        "type": "string",
                        "title": "Blog name"
                    }
                }
            }
        },
        "client_side_ad_analytics": {
            "description": "User events on non-native Tumblr ads",
            "title": "Client-Side Ad Analytics Event",
            "items": {
                "type": "object",
                "properties": {
                    "serve_time": {
                        "description": "Date and time indicating the time the ad was served",
                        "title": "Serve time",
                        "type": "string"
                    },
                    "ad_type": {
                        "description": "The type of Ad served",
                        "title": "Ad type",
                        "type": "string"
                    },
                    "client_side_placement_id": {
                        "description": "The unique ID of the pool of ads from which this ad was requested",
                        "title": "Ad section ID",
                        "type": "string"
                    },
                    "viewed": {
                        "description": "If you viewed the ad",
                        "title": "Viewed",
                        "type": "string"
                    },
                    "interacted": {
                        "description": "If you interacted with the ad",
                        "title": "Interacted",
                        "type": "string"
                    },
                    "placement_id": {
                        "description": "Another unique ID of the specific instance of the ad you interacted with",
                        "title": "Alternative Serve ID",
                        "type": "string"
                    }
                }
            }
        },
        "api_applications_created": {
            "description": "The third-party applications you've created",
            "title": "API applications created",
            "type": "array",
            "items": {
                "type": "object",
                "properties": {
                    "play_store_url": {
                        "description": "Location of the app in the Google Play Store",
                        "title": "Google Play Store URL",
                        "type": "string"
                    },
                    "callback_url": {
                        "description": "OAuth callback URL",
                        "title": "Default callback URL",
                        "type": "string"
                    },
                    "consumer_key": {
                        "description": "OAuth consumer key",
                        "title": "Consumer key",
                        "type": "string"
                    },
                    "app_icons": {
                        "description": "Display icons for the application",
                        "title": "Application icons",
                        "type": "array",
                        "items": {"type": "string"}
                    },
                    "app_store_url": {
                        "description": "Location of the app in the Apple App Store",
                        "title": "Apple App Store URL",
                        "type": "string"
                    },
                    "description": {
                        "description": "Description of the application",
                        "title": "Description",
                        "type": "string"
                    },
                    "title": {
                        "description": "Title of the application",
                        "title": "Title",
                        "type": "string"
                    },
                    "app_id": {
                        "description": "Unique identifier of the application",
                        "title": "Application ID",
                        "type": "string"
                    },
                    "admin_email": {
                        "description": "The email address supplied for contact information",
                        "title": "API admin email",
                        "type": "string"
                    },
                    "app_website": {
                        "description": "Location of website for the app",
                        "title": "Application URL",
                        "type": "string"
                    }
                }
            }
        },
        "user_language": {
            "description": "The language currently associated with your account",
            "title": "Current user-set language",
            "type": "string"
        },
        "most_used_tags": {
            "description": "The tags used most often on each of your blogs",
            "title": "Your most used tags",
            "type": "array",
            "items": {
                "type": "object",
                "properties": {
                    "tag_count": {
                        "description": "How many times you've used this tag",
                        "type": "string",
                        "title": "Number of times used"
                    },
                    "tag": {
                        "description": "Tag used by you",
                        "type": "string",
                        "title": "Tag"
                    },
                    "blog_name": {
                        "description": "The name of your blog",
                        "type": "string",
                        "title": "Blog name"
                    }
                }
            }
        },
        "app_feedback": {
            "description": "Feedback you have given about the mobile apps",
            "title": "Feedback",
            "type": "array",
            "items": {
                "type": "object",
                "properties": {
                    "feedback": {
                        "description": "The actual feedback you submitted",
                        "title": "Feedback",
                        "type": "string"
                    },
                    "response": {
                        "description": "Whether we received the feedback successfully in our support system",
                        "title": "Response",
                        "type": "string"
                    },
                    "version": {
                        "description": "Which app version you used to submit the feedback",
                        "title": "Version",
                        "type": "string"
                    },
                    "platform": {
                        "description": "Which mobile app platform you were on",
                        "title": "Platform",
                        "type": "string"
                    },
                    "timestamp": {
                        "description": "Date and time of feedback submission",
                        "title": "Date and time",
                        "type": "string"
                    }
                }
            }
        },
        "gemini_analytics": {
            "description": "User events on non-post ads",
            "title": "Tumblr non-post ad analytics event",
            "items": {
                "type": "object",
                "properties": {
                    "serve_time": {
                        "description": "Date and time indicating the time the ad was served",
                        "title": "Serve time",
                        "type": "string"
                    },
                    "viewed": {
                        "description": "If you viewed the ad",
                        "title": "Viewed",
                        "type": "string"
                    },
                    "interacted": {
                        "description": "If you interacted with the ad",
                        "title": "Interacted",
                        "type": "string"
                    },
                    "placement_id": {
                        "description": "The ID of the ad",
                        "title": "Ad ID",
                        "type": "string"
                    }
                }
            }
        },
        "registration_time": {
            "description": "This is when you first joined Tumblr",
            "title": "Date and time of registration",
            "type": "string"
        },
        "email": {
            "description": "The email address currently associated with your account",
            "title": "Account email address",
            "type": "string"
        },
        "crushes": {
            "description": "The blogs you loved and engaged with the most",
            "title": "Blogs most interacted with",
            "type": "array",
            "items": {
                "type": "object",
                "properties": {"blog_name": {
                    "description": "The name of the blog you interacted with the most",
                    "type": "string",
                    "title": "Blog name"
                }}
            }
        },
        "dashboard": {
            "description": "Everything you have been served on your dashboard in the order of when you saw it",
            "title": "Historic content on dashboard",
            "type": "array",
            "items": {
                "type": "object",
                "properties": {
                    "serve_time": {
                        "format": "string",
                        "description": "What time this content element was served",
                        "type": "string",
                        "title": "Serve time"
                    },
                    "content_url": {
                        "description": "When available, direct URL of the post",
                        "type": "string",
                        "title": "Content URL"
                    },
                    "element_type": {
                        "description": "The type of content element",
                        "type": "string",
                        "title": "Element type"
                    },
                    "platform": {
                        "description": "The device or platform you were using when served this content element",
                        "type": "string",
                        "title": "Platform name"
                    }
                }
            }
        },
        "last_active_times": {
            "description": "The dates and times you were active on Tumblr",
            "title": "Last active",
            "type": "array",
            "items": {"type": "string"}
        },
        "bcookie_mapping": {
            "description": "The user trackers needed for targeting advertising",
            "title": "Mobile and Web IDs For Advertising",
            "items": {
                "type": "object",
                "properties": {
                    "name": {
                        "description": "Your blog name",
                        "title": "Blog name",
                        "type": "string"
                    },
                    "advertising_id": {
                        "description": "Your mobile ID For Advertising",
                        "title": "Advertising ID",
                        "type": "string"
                    }
                }
            }
        },
        "highlighted_posts": {
            "description": "The top posts for your blogs, shown on blog cards, based on other users' engagement",
            "title": "Highlighted posts",
            "type": "array",
            "items": {
                "type": "object",
                "properties": {
                    "post_urls": {
                        "description": "When available, direct URLs of content contained within element",
                        "type": "array",
                        "title": "Content URLs",
                        "items": {"type": "string"}
                    },
                    "blog_name": {
                        "description": "The name of your blog",
                        "type": "string",
                        "title": "Blog name"
                    }
                }
            }
        },
        "push_notification_opens": {
            "description": "Opened the app via a push notification",
            "title": "Push notification opens",
            "type": "array",
            "items": {
                "type": "object",
                "properties": {
                    "from_blog": {
                        "description": "The blog that triggered the push notification",
                        "title": "Blog origin",
                        "type": "string"
                    },
                    "notification_type": {
                        "description": "The type of push notification that was received",
                        "title": "Notification type",
                        "type": "string"
                    },
                    "to_blog": {
                        "description": "The blog that received the push notification",
                        "title": "Blog destination",
                        "type": "string"
                    },
                    "app_version": {
                        "description": "The version of the Tumblr app that received the push notification",
                        "title": "App version",
                        "type": "string"
                    },
                    "follow_up_action": {
                        "description": "The first action performed after opening the push notification",
                        "title": "Follow-up action",
                        "type": "string"
                    },
                    "device": {
                        "description": "The type of device that received the push notification",
                        "title": "Device",
                        "type": "string"
                    },
                    "timestamp": {
                        "description": "The date and time you opened the push notification",
                        "title": "Date and time",
                        "type": "string"
                    }
                }
            }
        },
        "user_age": {
            "description": "Your age according to the birth year you provided",
            "title": "Your age",
            "type": "string"
        },
        "login_logout_times": {
            "description": "When you've logged in and out",
            "title": "Login and logout times",
            "type": "array",
            "items": {
                "type": "object",
                "properties": {
                    "type": {
                        "description": "Whether we're tracking a login or logout action",
                        "type": "string",
                        "title": "Login or logout"
                    },
                    "platform": {
                        "description": "The device or platform you were using when logging in or logging out",
                        "type": "string",
                        "title": "Platform"
                    },
                    "timestamp": {
                        "description": "Date and time of when the login or logout happened",
                        "type": "string",
                        "title": "Date and time"
                    }
                }
            }
        },
        "ads_analytics": {
            "description": "User events on posts created by Tumblr premium partners",
            "title": "Native Tumblr premium post analytics event",
            "items": {
                "type": "object",
                "properties": {
                    "serve_time": {
                        "description": "Date and time indicating the time the post was served",
                        "title": "Serve time",
                        "type": "string"
                    },
                    "post_url": {
                        "description": "Post URL you were served",
                        "title": "Post URL",
                        "type": "string"
                    },
                    "viewed": {
                        "description": "If you viewed the post",
                        "title": "Viewed",
                        "type": "string"
                    },
                    "interacted": {
                        "description": "If you interacted with the post",
                        "title": "Interacted",
                        "type": "string"
                    },
                    "placement_id": {
                        "description": "If this was an ad, the ID assigned to that ad",
                        "title": "Ad ID",
                        "type": "string"
                    }
                }
            }
        },
        "last_post_time": {
            "description": "The timestamp of the last post made on your account, including any secondary blogs",
            "title": "Your last post creation time",
            "type": "string"
        },
        "geo_profiles": {
            "description": "Where you were when you performed certain actions on Tumblr. Logged for product and performance analysis",
            "title": "Geo profiles",
            "type": "array",
            "items": {
                "type": "object",
                "properties": {
                    "country": {
                        "description": "The country we think you were in when you performed the action",
                        "type": "string",
                        "title": "Country"
                    },
                    "city": {
                        "description": "The city we think you were in when you performed the action",
                        "type": "string",
                        "title": "City"
                    },
                    "state": {
                        "description": "The state or province we think you were in when you performed the action",
                        "type": "string",
                        "title": "State/Province"
                    }
                }
            }
        },
        "mobile_device_oses": {
            "description": "Information about your mobile device",
            "title": "Mobile device operating systems",
            "type": "array",
            "items": {
                "type": "object",
                "properties": {
                    "os_type": {
                        "description": "The type of operating system your device uses",
                        "type": "string",
                        "title": "Mobile device operating system type"
                    },
                    "os_version": {
                        "description": "The version your device operation system is using",
                        "type": "string",
                        "title": "Device operation system version"
                    },
                    "os_language": {
                        "description": "The language your device is set to use",
                        "type": "string",
                        "title": "Device operating system language"
                    }
                }
            }
        },
        "blog_backups": {
            "description": "Backups of your blog(s)",
            "title": "Blog backups",
            "type": "array",
            "items": {
                "type": "object",
                "properties": {
                    "backup_link": {
                        "description": "Link to the blog backup download",
                        "title": "Blog backup link",
                        "type": "string"
                    },
                    "blog_name": {
                        "description": "Blog that requested a blog backup",
                        "title": "Blog name",
                        "type": "string"
                    },
                    "timestamp": {
                        "description": "Date and time of blog backup request",
                        "title": "Date and time",
                        "type": "string"
                    },
                    "status": {
                        "description": "Status of the blog backup",
                        "title": "Blog backup status",
                        "type": "string"
                    }
                }
            }
        },
        "labs_experiments": {
            "description": "The Tumblr Labs experiments and their options you have enabled",
            "title": "Tumblr Labs experiments enabled",
            "type": "array",
            "items": {
                "type": "object",
                "properties": {
                    "experiment_name": {
                        "description": "The name of the experiment you have enabled",
                        "title": "Experiment name",
                        "type": "string"
                    },
                    "experiment_options": {
                        "description": "Individual experiment options you have enabled, if any",
                        "title": "Experiment options",
                        "type": "array",
                        "items": {"type": "string"}
                    }
                }
            }
        },
        "explore_takeover_analytics": {
            "description": "Events fired for interactions with posts that were featured in a Sponsored Day or Answer Time (one event per action per running takeover)",
            "title": "Explore Takeover analytics events",
            "items": {
                "type": "object",
                "properties": {
                    "takeover_context": {
                        "description": "The ID of the Explore Takeover where the interaction occurred",
                        "title": "Explore takeover screen ID",
                        "type": "string"
                    },
                    "serve_time": {
                        "description": "Date and time indicating the time the post was served",
                        "title": "Serve time",
                        "type": "string"
                    },
                    "tracked_unit": {
                        "description": "The type of content element",
                        "title": "Element type",
                        "type": "string"
                    },
                    "post_url": {
                        "description": "Post URL you were served",
                        "title": "Post URL",
                        "type": "string"
                    },
                    "takeover_id": {
                        "description": "The ID of the Explore Takeover this banner was a part of",
                        "title": "Explore takeover ID",
                        "type": "string"
                    },
                    "viewed": {
                        "description": "If you viewed the post",
                        "title": "Viewed",
                        "type": "string"
                    },
                    "interacted": {
                        "description": "If you interacted with the post",
                        "title": "Interacted",
                        "type": "string"
                    }
                }
            }
        },
        "blog_names": {
            "description": "The blogs you have created",
            "title": "Blog names",
            "type": "array",
            "items": {
                "type": "object",
                "properties": {
                    "current_blog_name": {
                        "description": "The name of the blog as it currently exists",
                        "title": "Current blog name",
                        "type": "string"
                    },
                    "prev_used_blog_name": {
                        "description": "The blog names that were used before the current blog name",
                        "title": "Previously used blog names",
                        "type": "array",
                        "items": {"type": "string"}
                    }
                }
            }
        },
        "ugcLinks": {
            "additionalItems": false,
            "type": "array",
            "items": [{
                "description": "Download your Tumblr content",
                "type": "object",
                "title": "Tumblr Content Download",
                "properties": {"link": {
                    "format": "uri",
                    "type": "string"
                }}
            }]
        },
        "user_interest_profiles": {
            "description": "Your interests based on historial data such as post engagements, posts you made, blogs you follow, and more",
            "title": "Interest profile",
            "type": "array",
            "items": {
                "type": "object",
                "properties": {"interest": {
                    "description": "What we think you're interested in based on your user interest profile",
                    "type": "string",
                    "title": "Interest"
                }}
            }
        },
        "granular_settings_toggle": {
            "description": "When you switch the value of one of several settings in the app",
            "title": "Granular Settings Toggle",
            "type": "array",
            "items": {
                "type": "object",
                "properties": {
                    "value": {
                        "description": "The value this setting was toggled to",
                        "title": "Value",
                        "type": "string"
                    },
                    "blog_name": {
                        "description": "The actual blog name that the toggled setting affects",
                        "title": "Blog",
                        "type": "string"
                    },
                    "meta_key": {
                        "description": "The key name for the setting toggled",
                        "title": "Setting Key",
                        "type": "string"
                    }
                }
            }
        },
        "unfollows": {
            "description": "Blogs you have unfollowed",
            "title": "Unfollows",
            "type": "array",
            "items": {
                "type": "object",
                "properties": {
                    "blog_name": {
                        "description": "Blog that was unfollowed",
                        "title": "Blog name",
                        "type": "string"
                    },
                    "timestamp": {
                        "description": "Date and time of unfollowing",
                        "title": "Date and time",
                        "type": "string"
                    }
                }
            }
        }
    },
    "$id": "http://www.tumblr.com/subject_user:772ead0879f1fbcf4310c6c58227fac12a22131d087b71189cf036b743502f28#"
}